sales,price,compPrice,income,advertising,population,age,shelveLoc,location,country
17.57,107,132,102,20,459,49,Good,Urban,USA
12.99,99,127,59,4,339,65,Medium,Urban,Other
16.19,72,98,104,23,404,27,Medium,Rural,Other
9.11,106,113,69,11,94,76,Medium,Rural,USA
11.97,129,127,45,19,459,57,Medium,Rural,USA
17.85,112,123,37,15,348,28,Good,Urban,USA
12.67,101,129,117,8,400,36,Bad,Urban,USA
10.68,132,113,22,1,317,28,Medium,Urban,Other
14.4,96,135,40,17,497,54,Medium,Rural,USA
7.67,128,115,54,3,406,42,Medium,Urban,USA
16.82,74,113,66,16,322,76,Good,Urban,USA
16.91,84,133,82,11,54,NA,Medium,Urban,Other
14.49,103,107,111,14,400,41,Medium,Rural,USA
13.67,112,125,62,14,477,80,Medium,Urban,USA
13.01,79,113,100,16,353,68,Bad,Urban,USA
10.86,152,136,70,12,171,44,Medium,Urban,USA
15.66,81,104,71,14,89,25,Medium,Rural,USA
17.53,112,142,90,1,189,39,Good,Rural,USA
15.64,70,102,87,10,346,64,Medium,Urban,USA
10.55,97,104,100,8,398,61,Medium,Urban,USA
12.64,128,128,78,2,341,45,Good,Rural,Other
11.71,137,119,67,17,151,55,Medium,Urban,USA
14.24,126,126,80,19,436,52,Medium,Urban,USA
13.55,92,88,111,23,480,36,Bad,Rural,USA
10.21,114,118,71,4,148,80,Medium,Urban,Other
17.66,99,148,76,3,126,60,Good,Urban,USA
9.1,133,130,28,6,410,72,Bad,Urban,USA
9.47,147,143,120,7,279,40,Bad,Rural,USA
10.58,148,134,25,10,237,59,Medium,Urban,USA
10.71,118,121,42,4,188,54,Medium,Urban,USA
10.74,104,106,33,20,354,61,Medium,Urban,USA
13.78,100,130,30,7,391,26,Medium,Urban,Other
11.5,150,148,51,16,148,58,Medium,Rural,USA
14.35,68,98,117,12,76,63,Medium,Urban,Other
13.67,115,142,73,14,238,73,Medium,Rural,USA
17.29,131,147,74,13,251,52,Good,Urban,USA
10.87,109,121,31,6,292,79,Medium,Urban,Other
10.17,120,131,75,9,10,31,Bad,Rural,Other
14.1,112,128,93,12,343,73,Good,Rural,USA
9.1,130,121,78,4,413,46,Bad,Rural,USA
10.64,122,124,24,5,288,57,Medium,Rural,USA
10.28,110,108,77,13,388,74,Bad,Urban,USA
11.89,110,129,69,10,289,50,Medium,Rural,USA
17.49,55,93,106,12,416,75,Medium,Urban,USA
11.81,125,132,61,5,263,41,Medium,Rural,Other
13.14,78,135,89,11,245,79,Bad,Urban,USA
12.44,104,124,84,6,300,77,Medium,Urban,Other
10.27,107,98,118,4,19,64,Medium,Urban,Other
9.97,160,162,67,7,27,77,Medium,Urban,USA
11.98,97,116,40,9,74,76,Medium,Rural,Other
10.36,101,111,52,7,12,61,Medium,Urban,USA
14.64,89,106,64,10,17,68,Medium,Urban,USA
17.44,70,127,90,14,16,48,Medium,Rural,USA
11.59,102,109,73,2,454,65,Medium,Urban,Other
13.47,101,119,88,10,170,61,Medium,Urban,USA
10.87,147,136,60,7,303,41,Medium,Urban,USA
14.08,126,152,81,20,191,54,Medium,Urban,Other
10.61,154,138,107,9,480,47,Medium,Rural,USA
13.21,123,127,44,13,160,63,Good,Urban,USA
10.31,129,130,35,10,402,39,Bad,Urban,USA
12.71,69,98,72,2,59,65,Medium,Urban,Other
16.85,120,136,81,15,425,67,Good,Urban,USA
13.75,156,143,77,25,448,43,Medium,Urban,USA
8.63,149,122,74,5,424,51,Medium,Urban,Other
9.42,94,109,36,7,468,56,Bad,Urban,USA
6.82,133,139,45,1,146,77,Bad,Urban,USA
15.1,134,135,63,15,213,32,Medium,Urban,USA
12.71,81,123,81,8,198,80,Bad,Urban,USA
13.31,117,133,97,4,70,32,Medium,Urban,Other
14.43,129,115,62,11,289,56,Good,Rural,USA
11.68,82,107,25,6,412,36,Bad,Urban,Other
14.32,70,119,60,16,372,30,Bad,Rural,Other
13.54,129,139,35,7,95,42,Medium,Urban,Other
14.7,120,138,61,12,156,25,Medium,Urban,USA
10.08,138,128,46,6,497,42,Medium,Urban,Other
11.11,119,133,88,3,105,79,Medium,Urban,USA
9.17,118,123,96,10,71,69,Bad,Urban,USA
12.41,159,162,26,12,368,40,Medium,Urban,USA
11.41,131,125,90,2,367,35,Medium,Urban,USA
14.01,100,121,78,9,150,26,Bad,Rural,USA
12.77,115,116,26,6,434,25,Medium,Urban,USA
15.44,105,124,115,16,458,62,Medium,Rural,USA
14.95,97,132,33,7,35,60,Medium,Rural,USA
15,88,114,43,14,199,57,Good,Rural,USA
13.57,99,116,78,1,158,45,Medium,Urban,USA
12.68,119,126,41,22,403,42,Bad,Urban,USA
17.04,105,145,69,19,501,45,Medium,Urban,USA
11.56,111,117,42,7,144,62,Medium,Urban,USA
11.71,93,106,73,11,216,60,Medium,Urban,Other
12.37,128,130,94,8,137,64,Medium,Urban,USA
20.63,72,122,36,5,369,35,Good,Urban,USA
12.4,97,117,100,4,466,55,Medium,Urban,USA
12.91,129,153,40,3,112,39,Bad,Urban,USA
11.2,137,107,32,12,236,64,Good,Rural,USA
14.58,129,108,104,23,353,37,Good,Urban,USA
13.87,120,131,113,13,181,63,Good,Urban,Other
8.89,118,123,105,5,149,62,Bad,Urban,USA
9.83,107,115,115,3,48,73,Medium,Urban,USA
10.42,103,103,93,15,188,74,Bad,Urban,USA
11.88,112,96,39,6,161,27,Good,Rural,Other
13.98,90,115,65,11,217,60,Medium,Rural,Other
16.27,133,153,68,2,60,59,Good,Urban,USA
15.08,130,116,72,10,456,41,Good,Rural,USA
10.4,163,149,73,13,381,26,Bad,Rural,USA
14.48,132,147,42,10,407,73,Good,Rural,USA
16.7,126,131,67,7,272,54,Good,Rural,USA
9.56,135,141,63,7,168,44,Bad,Urban,USA
14.46,99,89,81,15,237,74,Good,Urban,USA
10.99,121,117,42,10,371,26,Bad,Urban,USA
9.69,122,133,30,5,152,53,Medium,Urban,Other
15.14,113,145,119,16,294,42,Bad,Urban,USA
10.33,103,115,22,4,491,64,Medium,Rural,Other
7.86,145,121,86,10,496,51,Bad,Urban,USA
10.36,117,135,110,3,112,80,Medium,Rural,Other
11.9,90,120,56,20,266,78,Bad,Urban,USA
12.54,122,115,89,4,38,25,Medium,Urban,Other
11.15,132,146,68,12,328,51,Bad,Urban,USA
13.39,84,115,97,5,134,55,Bad,Urban,USA
18.14,105,137,80,10,24,61,Good,Urban,USA
9.53,130,129,42,13,315,34,Bad,Urban,USA
13.79,101,130,37,13,297,37,Medium,Rural,USA
11.43,107,124,44,9,125,80,Medium,Urban,Other
11.8,135,137,117,5,337,38,Bad,Urban,USA
18.44,122,133,103,14,288,61,Good,Urban,USA
13.64,91,111,101,17,266,63,Medium,Rural,USA
14.31,106,122,87,9,17,65,Medium,Urban,USA
13.77,114,118,86,7,265,52,Good,Rural,USA
14.71,120,134,37,6,27,49,Good,Urban,USA
11.67,173,156,42,13,170,74,Good,Urban,USA
9.55,110,111,56,6,504,62,Medium,Urban,Other
12.6,131,146,26,11,261,39,Medium,Urban,USA
13.68,104,131,25,10,183,56,Medium,Rural,USA
13.09,122,132,69,20,123,27,Medium,Rural,Other
9.81,107,97,46,11,267,80,Medium,Urban,USA
16.17,118,107,117,11,148,52,Good,Urban,USA
9.95,110,121,41,5,412,54,Medium,Urban,USA
13.69,101,113,64,10,68,57,Medium,Urban,USA
12.81,102,104,99,15,226,58,Bad,Urban,USA
18.36,72,103,73,3,276,34,Medium,Urban,USA
12.8,104,100,67,12,184,32,Medium,Rural,USA
13.61,102,130,38,4,283,80,Medium,Urban,Other
11.67,132,107,119,11,210,53,Medium,Urban,USA
8.24,138,130,60,6,144,38,Bad,Rural,Other
11.18,110,120,70,15,464,72,Medium,Urban,USA
8.42,158,141,57,13,376,64,Medium,Urban,USA
12.53,113,117,118,11,429,67,Medium,Rural,USA
12.57,99,112,88,2,243,62,Medium,Urban,USA
15.26,108,111,75,1,377,25,Good,Urban,Other
12.62,97,132,98,2,265,62,Bad,Urban,USA
17.11,104,118,117,18,509,26,Medium,Rural,USA
11.03,96,117,32,5,142,62,Bad,Urban,Other
18.28,96,139,70,7,71,61,Good,Urban,USA
15.98,130,148,63,18,312,63,Good,Urban,Other
12.49,145,136,119,6,178,35,Medium,Urban,USA
17.61,104,118,90,10,54,31,Good,Rural,USA
14.5,120,138,73,11,276,42,Bad,Urban,USA
14.09,123,132,68,14,264,34,Good,Rural,Other
7.05,157,131,82,3,132,25,Bad,Urban,Other
11.88,72,95,44,4,208,44,Bad,Urban,USA
8.67,131,132,31,7,327,76,Medium,Urban,Other
19.37,53,95,106,14,256,52,Good,Urban,Other
15.61,149,157,93,9,51,32,Good,Urban,Other
12.5,91,140,29,6,105,43,Bad,Urban,Other
11.64,89,118,70,2,106,39,Bad,Urban,Other
10.58,116,137,71,7,402,78,Medium,Urban,Other
9.9,128,122,26,3,197,55,Medium,Rural,Other
12.96,124,157,53,6,403,58,Bad,Urban,Other
10.87,132,131,73,13,455,62,Medium,Urban,USA
13.19,97,111,105,16,466,61,Bad,Rural,Other
5.37,191,147,58,7,100,27,Bad,Urban,USA
18.55,89,125,94,8,447,30,Good,Urban,Other
16.62,139,151,83,4,325,28,Good,Urban,USA
11.88,108,119,100,5,45,75,Medium,Urban,USA
9.68,135,124,46,5,199,52,Medium,Rural,Other
13.77,117,144,63,11,27,47,Medium,Urban,USA
11.41,136,142,30,3,472,80,Good,Rural,Other
11.97,96,106,46,11,414,79,Bad,Rural,Other
11.23,104,112,38,17,316,80,Medium,Urban,USA
13.86,104,145,30,9,67,55,Medium,Urban,Other
15.77,103,111,58,17,407,75,Good,Rural,USA
8.9,131,114,83,3,412,39,Bad,Urban,Other
10.68,106,130,64,4,40,39,Bad,Rural,Other
13.25,131,136,58,16,241,44,Medium,Urban,USA
10.05,117,125,67,6,86,65,Bad,Urban,Other
10.12,100,123,36,10,467,74,Bad,Rural,USA
10.93,150,150,36,7,488,25,Medium,Rural,USA
13.55,108,134,107,10,104,60,Medium,Urban,Other
10.47,111,108,75,9,61,67,Medium,Urban,USA
15.26,122,135,100,22,463,36,Medium,Urban,USA
10.08,128,135,75,2,202,80,Medium,Rural,Other
9.81,149,121,68,3,279,79,Good,Urban,Other
12.36,133,121,24,10,200,73,Good,Urban,Other
15.31,121,159,80,16,362,26,Medium,Urban,Other
17.98,63,113,33,11,14,38,Good,Urban,Other
15.5,131,122,21,16,488,30,Good,Urban,USA
11.01,127,131,29,11,335,33,Bad,Urban,USA
8.9,151,124,65,21,496,77,Bad,Urban,USA
13.47,112,125,103,16,304,49,Medium,Rural,Other
11.2,118,128,93,10,89,34,Medium,Urban,Other
12.22,119,135,93,2,67,34,Medium,Urban,USA
13.73,121,129,76,16,58,69,Medium,Urban,USA
11.03,129,133,60,10,277,45,Medium,Urban,USA
8.62,128,112,80,5,500,69,Medium,Urban,USA
16.48,87,121,120,13,140,56,Medium,Urban,USA
9.62,138,121,96,2,472,51,Medium,Urban,Other
11.63,108,115,105,8,45,71,Medium,Urban,Other
14.03,110,104,102,13,123,35,Good,Urban,USA
11.44,120,96,94,14,384,36,Medium,Rural,USA
9.36,123,125,41,2,357,47,Bad,Rural,USA
12.52,128,116,72,7,237,70,Good,Urban,Other
13.43,126,138,80,14,108,70,Good,Rural,USA
5.91,117,93,91,1,22,75,Bad,Urban,Other
9.96,126,133,100,3,350,55,Bad,Urban,USA
11.2,136,150,68,5,125,64,Medium,Rural,USA
12.56,93,108,26,6,408,56,Medium,Rural,Other
14.54,136,125,87,9,232,72,Good,Urban,USA
16.93,134,123,98,12,408,29,Good,Urban,USA
14.14,90,134,67,17,286,41,Bad,Urban,Other
9.9,144,134,103,13,25,76,Medium,Rural,USA
11.53,131,140,42,2,331,28,Bad,Urban,Other
16.22,83,111,48,16,260,65,Good,Urban,USA
10.3,97,113,22,4,57,65,Medium,Rural,Other
12.3,117,129,89,4,425,45,Medium,Urban,Other
18.39,134,149,69,20,366,60,Good,Urban,USA
19.9,82,139,32,8,176,54,Good,Rural,Other
7.34,144,116,83,15,170,71,Bad,Urban,USA
13.44,107,128,42,8,328,35,Medium,Urban,USA
16.19,105,122,69,7,303,45,Good,Rural,USA
12.72,129,133,33,10,333,71,Good,Urban,USA
7.99,97,103,74,5,359,55,Bad,Urban,USA
11.67,125,116,99,5,298,62,Good,Urban,USA
8.13,130,130,62,11,396,66,Bad,Urban,USA
14.01,115,126,61,14,152,47,Medium,Urban,USA
11.1,124,153,63,2,49,56,Bad,Urban,Other
10.35,139,130,58,19,366,33,Bad,Urban,USA
14.16,139,140,50,10,300,60,Good,Urban,USA
13.8,119,145,53,18,507,41,Medium,Urban,Other
11.39,171,131,21,8,220,29,Good,Urban,USA
8.02,90,98,21,11,326,76,Bad,Rural,USA
13.01,118,128,39,12,356,71,Medium,Urban,USA
17.3,94,146,62,10,310,30,Medium,Rural,USA
7.93,160,143,21,5,81,67,Medium,Rural,USA
12.8,98,121,50,10,508,65,Medium,Rural,Other
9.67,111,111,28,3,486,29,Medium,Rural,Other
5.16,139,102,33,4,217,70,Medium,Rural,Other
11.95,159,128,29,5,324,31,Good,Urban,USA
10.16,114,115,60,4,119,38,Bad,Rural,Other
9.94,149,137,112,15,434,66,Bad,Urban,USA
10.73,144,141,33,2,243,34,Medium,Urban,Other
9.16,95,85,79,6,325,69,Medium,Urban,USA
12.45,129,161,82,5,287,33,Bad,Urban,USA
13.22,141,148,64,9,58,27,Medium,Rural,USA
10.17,143,138,35,6,60,28,Bad,Urban,Other
14.16,156,137,105,10,435,72,Good,Urban,USA
10.94,95,100,79,7,284,50,Bad,Urban,USA
9.74,140,137,60,4,230,25,Bad,Urban,Other
9.38,108,126,98,6,173,55,Bad,Urban,Other
13.41,77,94,84,13,497,51,Medium,Urban,USA
13.74,124,155,80,12,237,37,Medium,Urban,Other
5.53,159,122,88,7,36,28,Bad,Urban,USA
7.66,150,136,65,4,133,53,Bad,Urban,USA
16.27,89,100,54,9,433,45,Good,Urban,USA
9.2,144,147,40,5,277,73,Medium,Urban,Other
12.32,107,105,32,10,358,26,Medium,Rural,Other
12.63,83,93,117,9,489,42,Bad,Urban,USA
15.21,90,121,58,8,249,48,Medium,Rural,USA
16.96,94,117,94,4,503,50,Good,Urban,USA
10.81,107,125,111,5,404,54,Bad,Urban,Other
10.01,166,159,69,5,438,46,Medium,Urban,Other
17.01,94,136,63,12,160,38,Medium,Urban,Other
14,116,128,62,7,125,43,Medium,Urban,USA
9.34,111,106,44,7,481,70,Medium,Rural,Other
10.32,160,152,116,5,170,39,Medium,Urban,Other
10.83,112,134,82,7,473,51,Bad,Rural,USA
14.33,54,103,81,3,491,66,Medium,Urban,Other
16.7,104,144,69,11,131,47,Medium,Urban,USA
13.85,91,127,92,16,508,56,Medium,Urban,Other
13.71,144,149,95,5,400,76,Medium,Rural,Other
11.54,124,132,110,10,108,76,Medium,Rural,Other
9.19,112,117,93,4,420,66,Bad,Urban,USA
10.32,102,118,74,6,426,80,Medium,Urban,USA
18.91,68,110,110,14,408,46,Good,Rural,USA
15.06,80,113,35,10,269,59,Medium,Urban,USA
10.3,145,133,31,1,80,42,Medium,Urban,USA
7.07,126,119,98,2,18,73,Bad,Rural,Other
12.23,128,112,98,18,481,45,Medium,Urban,USA
15.71,79,109,22,10,348,74,Good,Rural,USA
13.89,100,122,76,15,270,60,Good,Rural,Other
13.19,155,127,103,20,125,29,Good,Rural,USA
7.23,121,111,25,5,52,43,Bad,Rural,Other
8.58,164,142,109,4,111,72,Good,Urban,Other
8.45,125,110,45,9,276,62,Medium,Urban,USA
9.1,141,134,82,5,464,48,Medium,Rural,Other
15.81,72,124,113,13,501,78,Bad,Rural,USA
8.15,111,117,66,1,65,55,Bad,Urban,USA
11.42,126,122,88,5,335,64,Medium,Urban,USA
10.56,146,144,92,3,349,62,Medium,Rural,Other
16.54,126,134,44,4,219,44,Good,Urban,USA
11.53,105,123,57,9,66,39,Medium,Urban,Other
13.33,131,107,115,11,496,50,Good,Rural,USA
15.62,116,116,79,19,359,58,Good,Urban,USA
13.7,134,150,84,9,432,64,Medium,Urban,Other
9.88,107,121,47,3,220,56,Bad,Rural,USA
13.23,139,149,84,5,220,33,Medium,Urban,USA
16.99,89,119,26,22,284,26,Good,Urban,Other
15.01,99,133,52,16,290,43,Medium,Urban,USA
10.9,120,138,92,4,13,61,Bad,Urban,Other
12.56,97,110,119,11,384,72,Medium,Rural,USA
11.37,132,120,77,15,86,48,Medium,Urban,USA
6.42,108,99,32,18,341,80,Bad,Urban,USA
15.96,86,115,28,11,29,53,Good,Urban,USA
9.42,108,121,90,5,150,75,Bad,Urban,Other
8.72,132,139,111,5,310,62,Bad,Urban,USA
9.53,125,114,113,5,97,29,Medium,Urban,Other
12.74,154,150,96,2,80,61,Good,Urban,Other
14.44,118,131,47,7,90,47,Medium,Urban,USA
12.8,125,136,48,12,326,36,Medium,Urban,USA
10.57,120,109,51,10,26,30,Medium,Rural,USA
14.62,135,151,28,8,499,48,Medium,Urban,USA
11.87,131,128,105,11,249,63,Medium,Urban,USA
12.9,124,132,46,4,206,73,Medium,Urban,Other
15.59,124,131,120,15,262,30,Medium,Urban,USA
9.12,134,123,42,11,16,59,Medium,Urban,USA
14.39,120,117,118,14,445,32,Medium,Urban,USA
8.47,81,108,38,5,251,72,Bad,Rural,Other
16.07,96,131,84,11,29,44,Medium,Rural,USA
10.25,110,131,55,9,26,79,Bad,Urban,USA
11.85,154,143,81,5,60,61,Medium,Urban,USA
15.51,119,140,54,9,402,41,Good,Rural,USA
8.91,98,116,52,6,349,69,Bad,Urban,Other
15.04,86,116,106,8,244,58,Medium,Urban,USA
15.36,103,107,105,18,428,34,Medium,Urban,USA
13.65,120,123,76,18,218,29,Medium,Rural,USA
11.53,162,154,30,7,122,57,Medium,Rural,Other
14.45,92,107,67,12,430,35,Medium,Rural,USA
12.8,122,119,33,6,245,56,Good,Urban,Other
13.03,132,115,29,26,394,33,Medium,Urban,USA
12.7,89,118,71,12,44,67,Medium,Rural,USA
15.07,107,130,100,11,449,64,Medium,Urban,USA
12.82,110,124,25,13,87,57,Medium,Urban,USA
15.43,24,77,69,24,25,50,Medium,Urban,Other
12.78,64,86,54,8,497,33,Bad,Urban,Other
9.21,137,118,35,14,502,79,Medium,Rural,USA
10.04,151,123,114,3,298,34,Bad,Urban,Other
21.27,92,141,60,19,319,44,Good,Urban,USA
17.49,127,122,77,24,382,36,Good,Rural,USA
14.32,108,141,34,16,361,69,Medium,Urban,USA
15.27,109,125,103,12,371,44,Medium,Urban,USA
12.95,119,128,66,3,493,45,Medium,Rural,Other
8.07,104,118,83,13,276,75,Bad,Urban,USA
14.32,96,134,27,18,467,49,Medium,Rural,USA
14.34,49,89,78,18,181,43,Medium,Rural,Other
16.48,77,104,41,15,492,73,Good,Urban,USA
9.95,121,121,28,19,315,66,Medium,Urban,USA
11.52,116,125,48,3,192,51,Medium,Urban,USA
9.69,124,132,113,5,131,76,Medium,Rural,USA
13.77,128,114,38,13,317,50,Good,Urban,USA
12.38,93,98,120,2,268,72,Medium,Rural,Other
8.47,103,107,79,2,488,65,Bad,Urban,Other
9.78,133,131,32,1,85,48,Medium,Urban,USA
11.93,130,135,69,14,296,73,Medium,Urban,USA
16.28,89,123,84,19,74,59,Good,Urban,Other
11.38,128,135,91,5,207,66,Medium,Urban,USA
7.52,138,124,61,3,333,76,Medium,Urban,Other
11.62,151,132,118,12,272,43,Medium,Urban,USA
15.49,114,122,84,8,176,57,Good,Rural,USA
10.98,134,124,56,11,447,53,Medium,Rural,USA
13.07,90,116,37,8,426,76,Medium,Urban,Other
10.07,96,123,91,2,334,78,Bad,Urban,USA
12.22,151,114,113,2,129,40,Good,Rural,USA
10.94,134,138,83,2,139,54,Medium,Urban,Other
13.97,125,132,107,5,144,33,Medium,Rural,Other
11.14,120,139,23,3,37,55,Medium,Rural,USA
10.97,101,112,24,8,164,45,Medium,Urban,Other
9.15,128,141,64,3,340,38,Bad,Urban,Other
12.49,157,146,34,11,220,51,Good,Urban,Other
16.67,87,125,89,10,380,28,Bad,Urban,USA
12.78,116,144,25,3,70,77,Medium,Urban,USA
8.98,136,122,35,2,393,62,Medium,Urban,Other
14.53,166,175,65,29,419,53,Medium,Urban,USA
12.81,118,137,102,13,422,71,Medium,Rural,USA
9.99,112,122,59,2,501,32,Bad,Rural,Other
12.43,91,121,83,8,79,68,Medium,Urban,Other
9.43,145,134,48,1,139,65,Medium,Urban,USA
11.5,94,108,69,3,208,77,Medium,Urban,Other
12.58,110,118,32,7,284,63,Good,Urban,Other
13.32,123,122,102,19,469,29,Bad,Urban,USA
10.52,116,115,45,5,432,25,Medium,Urban,Other
17.13,109,134,29,12,239,62,Good,Rural,USA
11.52,118,128,42,5,436,80,Medium,Urban,Other
12.41,87,99,93,4,198,57,Medium,Urban,USA
17.57,128,138,108,17,203,33,Good,Urban,USA
12.02,146,130,100,10,306,42,Good,Urban,Other
15.48,94,138,72,14,148,27,Medium,Urban,USA
12.52,98,123,39,5,499,34,Medium,Urban,Other
10.53,132,126,32,8,95,50,Medium,Urban,USA
16.18,80,131,111,13,33,68,Bad,Urban,USA
13.68,86,120,51,6,93,46,Medium,Rural,Other
11.92,119,109,64,13,39,61,Medium,Urban,USA
12.52,116,125,69,10,264,53,Medium,Urban,USA
